test_index,source_id,gaia_teff,gaia_logg,gaia_mh,real_teff,real_logg,real_mh,pred_teff,pred_logg,pred_mh,delta_teff,delta_logg,delta_mh
63,152047619011614592,5181.03173828125,4.667799949645996,-0.8967000246047974,5289.271387623633,4.674996176697968,-0.9054043392010226,5190.293820116567,4.6691287126287895,-0.895434644944365,-98.97756750706594,-0.005867464069178929,0.009969694256657613
3594,1297820202093665792,5753.4296875,4.678800106048584,-1.1166000366210938,5762.208458989909,4.675309985432283,-1.1256344004551762,5768.613297669232,4.670071437870313,-1.1376503256406278,6.404838679323802,-0.005238547561969398,-0.012015925185451692
1248,580515167071431424,6104.623046875,4.6595001220703125,-1.1586999893188477,6105.328300050835,4.659957074362147,-1.1582805111819838,6104.623046875,4.6595001220703125,-1.1586999893188477,-0.7052531758354235,-0.00045695229183451147,-0.00041947813686382673
3984,1548356295989132032,6033.6689453125,4.165500164031982,-0.6890000104904175,6034.768223837901,4.165739743566902,-0.6886871283371517,6044.812008056652,4.1631715393604,-0.7695905563181831,10.04378421875117,-0.002568204206501612,-0.08090342798103134
1597,147920842634097664,6010.37158203125,4.269700050354004,-0.6194000244140625,6054.532025545947,4.36156832634854,-0.8921688840718809,6039.999414542848,4.3683005042507315,-0.9178745375495144,-14.532611003099191,0.006732177902191161,-0.02570565347763354
3654,2545523143770922240,4315.8447265625,4.4496002197265625,-0.17170000076293945,4460.526705274738,4.950127647274021,-1.2961546361149223,4359.742729412157,5.0,-2.7587382871810817,-100.78397586258052,0.049872352725978786,-1.4625836510661594
1802,150379556792593792,6122.2158203125,4.4191999435424805,-1.0374000072479248,6161.435015134707,4.485223639357026,-1.006656410309903,6133.829435665376,4.4304721784996,-1.0274210732177633,-27.605579469331133,-0.05475146085742644,-0.020764662907860387
2783,2544132987412032384,4298.4677734375,4.50439977645874,-0.01080000028014183,4000.268200635473,5.0,-2.5428330175971525,4104.616244263964,5.0,-2.718845125445471,104.34804362849127,0.0,-0.17601210784831833
2621,2535967533027855104,4000.87939453125,4.6768999099731445,-0.09130000323057175,3939.1051960886175,5.0,-1.822875301673017,4351.3676978955245,5.0,-1.6894429421073696,412.26250180690704,0.0,0.13343235956564747
4015,1667279920324171008,6388.3359375,4.172500133514404,-1.5169999599456787,6452.734837044191,4.17155536438703,-1.532721075642223,6495.86339858336,4.195500450816494,-1.496044177013011,43.12856153916891,0.0239450864294648,0.03667689862921186
3313,2678007938366967936,5280.75,4.644800186157227,-0.8652999997138977,5345.88019497187,4.665745953701418,-0.8128681086627682,5292.735156748687,4.647617000806263,-0.8239283083022827,-53.14503822318329,-0.018128952895154704,-0.011060199639514545
460,175932688060588544,7177.5322265625,4.118800163269043,-0.18880000710487366,7197.176873419676,4.1747858338878325,-0.1681866419375389,7194.387564107509,4.1777240681573655,-0.1712858783731035,-2.7893093121665515,0.002938234269532991,-0.0030992364355645896
2535,1396576511137730432,6059.21826171875,4.450300216674805,-1.4852999448776245,6059.21826171875,4.450300216674805,-1.4852999448776243,6059.21826171875,4.450300216674805,-1.4852999448776245,0.0,0.0,-2.220446049250313e-16
2179,902969152603806720,5572.12744140625,4.730500221252441,-1.5885000228881836,5711.070136803863,4.735609335794913,-1.7318332799686775,5971.3006278567245,4.731794663669664,-1.8283640793422904,260.2304910528619,-0.003814672125248997,-0.09653079937361286
2570,920409502964685184,7427.52099609375,4.301199913024902,-0.46309998631477356,7466.884977113371,4.311422896439204,-0.4568792063642002,7614.833142740651,4.343574306187198,-0.45063425072513097,147.9481656272801,0.032151409747993576,0.0062449556390692385
1406,882419653941851392,6332.20068359375,4.48769998550415,-1.4936000108718872,6337.661406840746,4.4946700551981404,-1.6773352751255752,6335.9756690376225,4.493293555066377,-1.6159619318297196,-1.6857378031236294,-0.0013765001317631587,0.06137334329585564
3809,1380098065948816512,6147.5693359375,4.186800003051758,-1.2110999822616577,6147.5693359375,4.186800003051758,-1.2110999822616575,6149.647332666806,4.188217227045765,-1.210599544519016,2.077996729305596,0.0014172239940073439,0.000500437742641413
558,2543263582953101952,5027.0478515625,4.422100067138672,-0.6317999958992004,5315.643927672455,4.929393471809085,-0.7736613641274842,5369.444388077502,4.978129062524755,-1.1674182152501495,53.80046040504658,0.04873559071566991,-0.39375685112266534
97,1545808280873854208,6543.10986328125,4.582399845123291,-3.5720999240875244,6545.394113978439,4.584429383076187,-3.271857282282621,6544.585933444664,4.58377778105301,-3.458862608183422,-0.8081805337751575,-0.0006516020231766007,-0.1870053259008011
1531,1155697329086284672,5737.580078125,4.57889986038208,-1.1052000522613525,5836.809171946802,4.630528005762396,-1.0870745726788351,5742.624758297877,4.581599059284759,-1.1035566003588022,-94.18441364892533,-0.04892894647763679,-0.016482027679967093
937,2688074310916444160,5558.53466796875,4.559000015258789,-0.8634999990463257,5592.209124717927,4.572418566329005,-0.8348792759365702,5604.421104006492,4.5612151733161586,-0.84487316657101,12.21197928856509,-0.011203393012846341,-0.009993890634439784
1849,2549349379812093056,5736.20361328125,4.640100002288818,-0.6378999948501587,5737.4871713246985,4.641647487818479,-0.6384979045099567,5737.599590861929,4.641188728508929,-0.638653737865172,0.11241953723038023,-0.00045875930954952793,-0.00015583335521529573
501,2507244196206064768,4177.60009765625,4.602200031280518,0.0010999999940395355,4107.042133981595,5.0,-1.4135041185316617,4510.584710239622,5.0,-2.364893380544751,403.5425762580271,0.0,-0.9513892620130895
1244,2678404179164683392,5361.427734375,4.361299991607666,-1.1466000080108643,5909.210673183689,3.935144043435883,-1.5572339154731545,5474.823502933524,4.293339570278454,-1.1484585580264801,-434.3871702501656,0.35819552684257117,0.40877535744667437
2307,2543611269145731840,5016.4833984375,4.2967000007629395,-0.4032999873161316,5160.956139732643,4.297093729700982,-0.3835878285235231,5058.091770889438,4.290583292666542,-0.4040957886962516,-102.86436884320574,-0.00651043703443932,-0.020507960172728545
17,3262853639358215296,3585.021484375,4.724400043487549,-0.2085999995470047,3930.2702824089183,5.0,-1.7946362285746762,4110.199486772437,5.0,-2.504824012665697,179.9292043635187,0.0,-0.7101877840910209
4008,1038348510342843136,6278.73046875,4.685299873352051,-3.7818000316619873,6278.73046875,4.685299873352051,-3.7818000316619873,6278.73046875,4.685299873352051,-3.7818000316619873,0.0,0.0,0.0
393,2545303073943495424,4145.3193359375,4.495500087738037,0.1656000018119812,4070.197202426041,5.0,-1.645389767706257,4822.631490565751,5.0,-1.6138041889590884,752.4342881397101,0.0,0.03158557874716861
1397,1036320117547404672,5963.22216796875,4.6092000007629395,-0.8492000102996826,6030.462072387022,4.67047859837744,-0.8212149517247185,5979.834047215057,4.6536429065705,-0.8366890382361387,-50.62802517196542,-0.016835691806940112,-0.015474086511420237
1379,1428084803538807168,6102.35791015625,4.706399917602539,-4.038899898529053,6126.251841318643,4.756038513398502,-4.019760082464158,6128.936589117625,4.7577865159318335,-3.9927615559647136,2.6847477989822437,0.0017480025333318494,0.026998526499444342
3185,2542769043239308544,5557.33544921875,4.592899799346924,-0.9247000217437744,5769.276456610841,4.76541345916905,-0.9114759312931112,5566.606337648233,4.697426358114108,-0.911828448313353,-202.67011896260738,-0.06798710105494177,-0.00035251702024174936
986,2533117117852211840,3607.870849609375,4.760300159454346,-0.44110000133514404,3756.671707965093,4.576945639148408,-1.1986764228525455,4188.733414228156,5.0,-2.4174093081154604,432.0617062630631,0.42305436085159176,-1.218732885262915
3416,1564454589326986496,5713.39013671875,4.643599987030029,-1.2726999521255493,5733.311220315618,4.669107645210877,-1.2534630655911485,5776.597176914823,4.708322398394182,-1.2222036587895655,43.28595659920484,0.03921475318330536,0.03125940680158301
2589,1498651837766146048,6815.2763671875,4.385499954223633,-2.8477001190185547,6839.292884125614,4.410166829758551,-2.825990807559445,6843.1005510151,4.407249115802654,-2.821893625592706,3.8076668894855175,-0.0029177139558971277,0.0040971819667392495
439,1612404974313659264,8424.1650390625,4.466800212860107,-1.145300030708313,8448.855908074021,4.508930697098635,-1.1317740627511992,8439.370131860796,4.493358634311879,-1.1375292697032686,-9.485776213225108,-0.015572062786755936,-0.005755206952069436
3496,2534112107155753344,5383.86767578125,4.5391998291015625,-0.27129998803138733,5383.86767578125,4.5391998291015625,-0.2712999880313873,5383.86767578125,4.5391998291015625,-0.27129998803138733,0.0,0.0,-5.551115123125783e-17
940,401318892280022144,5639.671875,4.626699924468994,-0.412200003862381,5683.950946981922,4.659336485270438,-0.3835935392085375,5697.073946196476,4.653730140332043,-0.3905764967236396,13.122999214553602,-0.005606344938394514,-0.006982957515102084
1232,1547634844562578816,6115.74609375,4.512700080871582,-4.1427001953125,6116.476693128061,4.513464281583615,-4.040019359848024,6117.548166878567,4.514739545839041,-4.031945844286288,1.071473750505902,0.0012752642554261229,0.008073515561735967
1132,2679096970274022400,5411.6064453125,4.692299842834473,-1.2417000532150269,5419.295729188463,4.694015525295044,-1.2423434478130728,5419.783294265989,4.6838796390514945,-1.2468001455121738,0.48756507752568723,-0.010135886243549663,-0.004456697699100953
44,2530967263382353024,7315.7607421875,3.751199960708618,-1.4671000242233276,7368.243605685665,3.816546307565144,-1.426017349696843,7405.428538292384,3.8726862870721326,-1.4697600383410727,37.184932606718576,0.05613997950698879,-0.04374268864422981
2630,2691209710057568896,6022.13623046875,4.674600124359131,-2.4463000297546387,6038.882980580073,4.681538969121747,-2.379779648777979,6032.924931985916,4.688594801181424,-2.374162614105661,-5.958048594156935,0.007055832059676526,0.005617034672317889
2116,894655676467138432,5264.4677734375,4.7195000648498535,-1.3553999662399292,5834.166383161598,5.0,-2.2332155522067785,5543.2915783102535,4.81112028805645,-2.041377510447303,-290.8748048513444,-0.18887971194355035,0.1918380417594756
2819,2541937709368724736,5687.4658203125,4.524199962615967,-0.9991000294685364,5718.103042826644,4.537941034173559,-0.9834106042661604,5696.70889890691,4.528500726352877,-0.994531068000261,-21.394143919734233,-0.009440307820682392,-0.011120463734100583
1617,1591469796180297984,6339.29638671875,4.303100109100342,-1.041599988937378,6357.737058104864,4.313811338673348,-1.019241498437096,6365.774804683025,4.3091037280270434,-1.0185463070731633,8.037746578160295,-0.004707610646304872,0.0006951913639328122
3121,1568975540623008000,6283.3955078125,4.6819000244140625,-3.7172999382019043,6341.520004650349,4.805285191663448,-1.7009325226432417,6309.760515981819,4.752802096507368,-3.708566832033625,-31.75948866853014,-0.05248309515607996,-2.007634309390383
522,2544267918106027136,5223.31298828125,4.593599796295166,-1.007200002670288,5237.2164008366135,4.728131951654615,-1.0290071888099976,5223.980613451457,4.594633837856955,-1.0085760463536055,-13.235787385156073,-0.13349811379765963,0.020431142456392104
1426,2536042574696422912,4348.380859375,4.491799831390381,-0.12430000305175781,4117.137880291388,5.0,-1.6978903964441057,4081.591403799417,5.0,-3.16607480385276,-35.54647649197068,0.0,-1.4681844074086543
1217,839377523222888576,5929.56884765625,4.273200035095215,-0.919700026512146,6022.941426824979,4.278671422525835,-0.9103611218844508,5933.573694981732,4.275424714086018,-0.9188284664706322,-89.36773184324738,-0.003246708439816892,-0.008467344586181369
3727,1331916641785966592,7380.6552734375,4.439700126647949,-0.7451000213623047,7473.77792412868,4.5035539085729805,-0.7435698813612319,7442.608524686839,4.47867350702743,-0.7403201312559581,-31.16939944184105,-0.024880401545550157,0.003249750105273841
305,3649439277689147392,7423.037109375,4.09630012512207,-0.8878999948501587,7452.591048218896,4.1127391623871885,-1.362926660400498,7449.372045648323,4.109285160311042,-1.4054425563230901,-3.219002570572229,-0.003454002076146878,-0.042515895922592195
1515,804685831125272320,7484.37890625,4.3506999015808105,-1.4474999904632568,7484.37890625,4.3506999015808105,-1.4474999904632568,7502.563704100193,4.3631277145331016,-1.4475914709133706,18.18479785019281,0.012427812952291006,-9.148045011375672e-05
87,2537097109426564224,3647.437744140625,4.604100227355957,-0.5751000046730042,3639.541194531575,4.790084767254248,-0.5704920277132899,3651.8959802374825,4.754046918749311,-0.5572008109118678,12.354785705907489,-0.036037848504936854,0.01329121680142209
221,3860637903558456960,5271.1220703125,4.693999767303467,-0.7840999960899353,5271.646684045864,4.691781594435972,-0.7870617816300207,5333.371593780211,4.876422987992912,-1.3532763061991042,61.72490973434651,0.18464139355693998,-0.5662145245690835
3494,904277399642021888,5523.46142578125,4.677199840545654,-1.2062000036239624,5523.46142578125,4.677199840545654,-1.2062000036239624,5526.9308857417145,4.6795777828881855,-1.210253032105075,3.469459960464519,0.002377942342531192,-0.004053028481112664
848,377141769754472960,5381.81982421875,4.405799865722656,-0.8924999833106995,5404.986866493129,4.416651118073274,-0.8916695112686897,5554.3433707593595,4.368446617075568,-0.9012567170447924,149.35650426623033,-0.04820450099770568,-0.009587205776102725
881,1576337664324402944,5982.56494140625,4.419099807739258,-0.7221999764442444,6009.532448516971,4.430682690387704,-0.6713629036718939,6014.381241323863,4.42295822474363,-0.6713952364033781,4.848792806891652,-0.00772446564407403,-3.2332731484174815e-05
880,1560848294267760512,6294.67529296875,4.378799915313721,-1.7157000303268433,6330.777717015376,4.434550872628289,-2.0688609994103944,6334.473672674976,4.448153421561897,-1.9699658836320109,3.6959556596002585,0.013602548933607572,0.0988951157783835
2316,714441631865640960,6245.58642578125,4.494200229644775,-0.7157999873161316,6299.773239512732,4.527380939574967,-0.7050457841229099,6245.58642578125,4.494200229644775,-0.7157999873161316,-54.18681373148229,-0.03318070993019173,-0.010754203193221734
1965,680358725613111936,5866.56640625,4.581099987030029,-1.573199987411499,5881.558556653436,4.631175914993056,-2.477985754644093,5900.060113212376,4.638272882810743,-2.8237708637523444,18.501556558939228,0.007096967817687094,-0.34578510910825155
874,3818300040100296448,5680.8037109375,4.63700008392334,-1.0500999689102173,5682.849313456913,4.638300446945372,-1.051142025923263,5680.8037109375,4.63700008392334,-1.0500999689102173,-2.0456025194125687,-0.0013003630220325135,0.0010420570130456053
2831,3720002669784991744,5835.9345703125,4.599800109863281,-1.1511000394821167,5835.9345703125,4.599800109863281,-1.1511000394821167,5862.696087662974,4.6032532684176335,-1.1469989629128523,26.761517350473696,0.0034531585543522425,0.004101076569264395
387,1370234656374007424,7366.681640625,4.383999824523926,-0.7547000050544739,7382.4689171631535,4.404119424582619,-0.7456323514944797,7368.001527244357,4.3869447446114584,-0.7538427674015956,-14.46738991879647,-0.017174679971160955,-0.008210415907115909
481,2616068054622717568,6094.931640625,4.685800075531006,-4.067299842834473,6094.931640625,4.685800075531006,-4.067299842834473,6098.298296638795,4.7767746859965285,-3.5230985652793043,3.366656013795364,0.09097461046552269,0.5442012775551683
716,1334315054603891200,6440.51904296875,4.381899833679199,-0.6204000115394592,6440.51904296875,4.381899833679199,-0.6204000115394592,6440.51904296875,4.381899833679199,-0.6204000115394592,0.0,0.0,0.0
2948,1580229072196340992,6097.39501953125,4.518700122833252,-4.116600036621094,6097.39501953125,4.518700122833252,-4.116600036621094,6098.612232724616,4.520092458072393,-3.87308798703272,1.217213193365751,0.0013923352391413957,0.2435120495883738
1276,1557225128576373248,5937.26953125,4.457499980926514,-0.7922999858856201,5937.70385273683,4.458364292748547,-0.7920452590300853,5937.26953125,4.457499980926514,-0.7922999858856201,-0.43432148683041305,-0.0008643118220330592,-0.0002547268555348481
2521,2546868297464787840,4150.7001953125,4.57480001449585,0.0020000000949949026,4044.020881272556,5.0,-1.8618590594353923,4169.168833158659,5.0,-2.616490814338503,125.14795188610333,0.0,-0.7546317549031107
1685,3702731884732883200,7206.33056640625,4.58459997177124,-3.2179999351501465,7228.176715250142,4.624712748963309,-1.8943454683061969,7240.214560836567,4.681999482126555,-2.9978696973256205,12.037845586425647,0.05728673316324606,-1.1035242290194236
1517,2507397135696729600,4435.97021484375,4.646699905395508,0.08449999988079071,4443.830911137157,5.0,-1.2677284411601666,4212.093223701731,5.0,-3.069679667593512,-231.73768743542587,0.0,-1.8019512264333453
2212,2630187703773356928,5754.08642578125,4.67549991607666,-0.9369999766349792,5953.647330168681,4.609195284086774,-0.9448848724719968,5755.083861189799,4.675881487599263,-0.9368084471605954,-198.56346897888216,0.06668620351248844,0.008076425311401403
2789,1154291667894196608,5739.0224609375,4.664700031280518,-1.0901999473571777,5807.824850749866,4.774563709459869,-1.208401978769026,5752.70007783634,4.705834813394649,-1.0676443190369156,-55.1247729135257,-0.06872889606522037,0.14075765973211052
3150,2507865282836694016,5586.40966796875,4.635799884796143,-0.8151999711990356,5653.624856687554,4.652764932943183,-0.7927524648520657,5651.276338538376,4.728459263225875,-0.7748372640581458,-2.348518149177835,0.07569433028269223,0.01791520079391995
683,1729699916988901248,5039.32177734375,4.603899955749512,-0.3131999969482422,5139.400819411309,4.6191678004038925,-0.3576911470764577,5201.611827264471,4.589279537490888,-0.40951819722298893,62.21100785316139,-0.029888262913004837,-0.05182705014653122
1948,706283186868308096,7010.51025390625,4.390100002288818,-1.3145999908447266,7023.166377105257,4.409951905806897,-1.3148525124148236,7022.824236210734,4.410281405785816,-1.315842004859094,-0.34214089452325425,0.0003294999789185127,-0.000989492444270379
3133,2667461319754745344,5470.71728515625,4.331999778747559,-1.126099944114685,5561.342304878415,4.367129862935983,-1.1034385422915327,5527.138987931959,4.4394185437982845,-1.0740201527385755,-34.20331694645665,0.07228868086230111,0.02941838955295717
4051,2642140735196996480,5400.103515625,4.642199993133545,-0.7910000085830688,5385.1204503872,4.706540792350419,-0.803068629271622,5408.409798256025,4.757029147362014,-0.8003265910626358,23.289347868824734,0.050488355011595765,0.0027420382089862194
1408,1567407357867734528,5842.06982421875,4.608099937438965,-4.102499961853027,5842.423991944925,4.608694033518444,-4.09423594912683,5852.28190272746,4.644610080387692,-4.036635320532718,9.857910782535328,0.03591604686924832,0.05760062859411175
1038,1401601829033250560,6424.38818359375,4.6508002281188965,-2.9005000591278076,6434.272751199919,4.697952920461211,-2.9246559612284,6424.38818359375,4.6508002281188965,-2.9005000591278076,-9.884567606169185,-0.04715269234231467,0.024155902100592375
1541,717724155112112256,5408.294921875,4.617400169372559,-0.7598000168800354,5413.592721550674,4.624205933543977,-0.7595506188198116,5577.099838267982,4.568900561356995,-0.77709149806426,163.50711671730824,-0.05530537218698228,-0.01754087924444847
3501,2494847924157152512,4159.04638671875,4.651400089263916,-0.006099999882280827,3979.098695910011,5.0,-1.9517177894515527,4400.872821835952,5.0,-2.5188667293149583,421.774125925941,0.0,-0.5671489398634055
2836,2500418913352367616,5861.779296875,4.650300025939941,-0.984000027179718,5915.295821543009,4.656725681257844,-0.984225015605921,5917.879714446495,4.648576612309285,-0.9864116812634542,2.5838929034862304,-0.00814906894855838,-0.0021866656575332266
779,147822706925594624,7201.97998046875,3.9820001125335693,-0.7465000152587891,7203.996410413884,3.983700224932466,-0.7447151287801661,7206.091831697369,3.985097969351594,-0.7434978269625736,2.0954212834849386,0.0013977444191284327,0.0012173018175924977
970,1383831938717278592,6091.80419921875,4.154399871826172,-1.4819999933242798,6094.796490809719,4.155998153394156,-1.475964663183717,6095.4250315632,4.156469603030461,-1.474861346903404,0.6285407534805927,0.0004714496363042997,0.001103316280313127
2327,846884782458474368,5821.11962890625,3.904099941253662,-0.632099986076355,5821.11962890625,3.904099941253662,-0.632099986076355,5821.11962890625,3.904099941253662,-0.632099986076355,0.0,0.0,0.0
2685,2530868509198955648,7461.59765625,4.285099983215332,-1.4886000156402588,7555.292725237036,4.398731893260392,-1.4337853765579909,7543.756738239914,4.353022384257224,-1.4612718044211024,-11.535986997122563,-0.04570950900316717,-0.027486427863111507
3373,4228298412746841984,4560.76123046875,4.424699783325195,-0.8070999979972839,4768.909182036883,5.0,-1.33539822248527,4309.039375487324,5.0,-3.1495613598084877,-459.86980654955914,0.0,-1.8141631373232177
1528,867203070144574464,7711.43212890625,4.395199775695801,-3.530100107192993,7737.8966890436095,4.412039272865668,0.5,7769.096502765664,4.442663594428461,0.48945685271860145,31.199813722054387,0.030624321562792822,-0.010543147281398546
86,905575540621544320,5701.8466796875,4.731100082397461,-1.4831000566482544,5701.8466796875,4.731100082397461,-1.4831000566482544,5703.199378558625,4.73103158231403,-1.4830837171859317,1.3526988711246304,-6.850008343128877e-05,1.6339462322711995e-05
2159,2542508768220759936,5307.6337890625,4.646699905395508,-0.8598999977111816,5307.6337890625,4.646699905395508,-0.8598999977111816,5325.9156918202725,4.632554519137256,-0.8677164854541829,18.281902757772514,-0.014145386258252124,-0.007816487743001255
556,2537965032122429824,4541.5107421875,4.59119987487793,0.08219999819993973,4477.1708910166,5.0,-1.3185639058938938,4239.667546367415,5.0,-3.2185497672599928,-237.50334464918524,0.0,-1.899985861366099
808,2645474596187070464,3823.508544921875,4.804999828338623,-0.9067000150680542,3965.7129105409736,5.0,-1.5232292142234376,4132.540753134532,5.0,-1.9211503810430124,166.82784259355822,0.0,-0.3979211668195748
3884,922973048683735680,7418.62890625,4.349100112915039,-0.25380000472068787,7418.62890625,4.349100112915039,-0.2538000047206878,7418.62890625,4.349100112915039,-0.25380000472068787,0.0,0.0,-5.551115123125783e-17
2959,817442536829389568,8155.42919921875,4.4303998947143555,-1.0508999824523926,8211.214383488032,4.448305664659299,-1.0449778363562965,8169.544831865919,4.433763919794064,-1.0469275274200067,-41.66955162211252,-0.01454174486523474,-0.001949691063710235
632,2738200397487652480,6265.6767578125,4.347300052642822,-1.951799988746643,6300.701020747381,4.399256054231292,-1.9475875408898844,6302.942472004412,4.397959019494303,-1.9448522421935721,2.2414512570303486,-0.0012970347369885005,0.0027352986963122827
2816,1491337169160052992,6257.96630859375,4.6092000007629395,-3.4560000896453857,6332.758957942889,4.676919135991589,-3.276920175633471,6337.790445176889,4.6531742072236995,-3.8816948971745906,5.031487234000451,-0.023744928767889917,-0.6047747215411197
170,1595992426806523136,7086.478515625,4.395199775695801,-3.6821999549865723,7091.434809744927,4.403212664315966,-3.673774415226124,7090.284497522602,4.400380223756963,-3.6752572860946104,-1.1503122223257378,-0.002832440559002336,-0.001482870868486419
1629,1370376287216179712,3516.673828125,4.476399898529053,-0.5336999893188477,3541.7444112166327,4.488334753024663,-0.5091639708664903,3531.841389939598,4.487247593729001,-0.5158283135304641,-9.903021277034895,-0.0010871592956620546,-0.006664342663973755
3114,2543981392247656064,4110.873046875,4.542600154876709,0.1664000004529953,3938.190533283245,5.0,-1.8954077847804005,4692.760352462888,5.0,-1.5596517355658683,754.5698191796428,0.0,0.33575604921453217
1923,3266336823475560960,4174.44775390625,4.617000102996826,0.13950000703334808,3961.997932526434,5.0,-1.7961105183367028,4248.290531262974,5.0,-2.277796095793089,286.29259873653973,0.0,-0.4816855774563862
2328,788369800123505152,6008.8935546875,4.586900234222412,-1.3140000104904175,6045.099568194218,4.607701148303194,-1.2901666415147908,6035.760415711821,4.61053562060299,-1.2902424184694554,-9.339152482396457,0.0028344722997957206,-7.577695466465251e-05
1613,5169382986327833088,6097.8837890625,4.706500053405762,-4.060999870300293,6097.8837890625,4.706500053405762,-4.060999870300293,6141.306789069916,4.772481346513183,-3.030640874283,43.423000007415794,0.06598129310742085,1.0303589960172927
1852,846746862468190208,4187.119140625,4.681300163269043,0.016599999740719795,4071.298110887547,5.0,-1.609965436539588,4120.783757273466,5.0,-3.012130487917185,49.48564638591915,0.0,-1.402165051377597
4003,910371438543151104,6069.36865234375,4.703700065612793,-1.972599983215332,6084.615322653038,4.743073820821131,-1.971875640158002,6069.36865234375,4.703700065612793,-1.972599983215332,-15.246670309287765,-0.03937375520833797,-0.0007243430573300458
2814,1352278050944489216,6950.38427734375,3.885200023651123,-0.4952999949455261,6994.583064423207,3.9709356320372,-1.9706212779045096,6977.247370490822,3.9736378386433584,-1.8798547749481405,-17.335693932385766,0.002702206606158608,0.09076650295636912
2225,3713203015000935168,6413.51318359375,4.582699775695801,-3.4702000617980957,6416.44195842198,4.586553609170545,-3.682657091812655,6433.84625282079,4.627654616144579,-3.2249152156929,17.404294398809725,0.04110100697403318,0.4577418761197549
3483,3718043619237583488,6115.20556640625,4.519100189208984,-3.924799919128418,6116.8292840676695,4.522632653394502,-3.834318760538805,6123.446356049046,4.536682644465996,-3.5285709104924234,6.617071981376284,0.014049991071494183,0.3057478500463815
285,2543199532104179584,5946.21337890625,4.609499931335449,-0.9531000256538391,5946.21337890625,4.609499931335449,-0.9531000256538392,5946.21337890625,4.609499931335449,-0.9531000256538391,0.0,0.0,1.1102230246251565e-16
2228,3670686691356433152,7361.51513671875,4.310299873352051,-2.091900110244751,7361.51513671875,4.310299873352051,-2.091900110244751,7361.660924760264,4.310524334214375,-2.13802371849971,0.14578804151369695,0.000224460862324527,-0.04612360825495898
3149,2501390160076885120,5616.64404296875,4.685299873352051,-0.8130000233650208,5660.681996062916,4.717062679271041,-0.7812214305908244,5617.247632660531,4.686034515309877,-0.81292112173871,-43.434363402385316,-0.031028163961163813,-0.03169969114788562
900,1679974091304346624,6771.1357421875,4.127500057220459,0.015599999576807022,6780.041097874287,4.137835013931822,0.018779240257853,6832.447339946087,4.196734000503286,0.03782843147550084,52.40624207180008,0.05889898657146375,0.019049191217647844
2461,2542718568783562752,5069.1435546875,4.721499919891357,-0.9513999819755554,4125.278729281829,5.0,-2.7987006611739056,5274.508781921644,4.764722961474606,-1.0911310520363355,1149.2300526398149,-0.2352770385253944,1.70756960913757
3687,1009928922199050240,4888.2666015625,4.688899993896484,-0.6689000129699707,4864.634115354374,5.0,-1.433605794929161,4863.28560631372,5.0,-3.4638665358375738,-1.3485090406547897,0.0,-2.030260740908413
3906,807264293268274688,6552.71142578125,4.204699993133545,-2.4737000465393066,6559.681540071986,4.222984646858548,-2.463259564245604,6571.808981554771,4.240333223811599,-2.4412604674413707,12.127441482784889,0.01734857695305081,0.021999096804233176
2199,2544978404479317504,4345.5341796875,4.1855998039245605,-0.36169999837875366,4430.516295860384,5.0,-1.5565412927834916,5694.9288494228085,5.0,-1.7163868670039442,1264.4125535624244,0.0,-0.15984557422045254
2379,1581559073244797696,4248.63037109375,4.539299964904785,0.004900000058114529,4101.747244138332,5.0,-1.5122787300931837,4527.044086501268,4.907348906113848,-1.8501814129814447,425.29684236293633,-0.09265109388615222,-0.337902682888261
295,806690210760116736,7474.24951171875,4.350100040435791,-0.7644000053405762,7474.24951171875,4.350100040435791,-0.7644000053405762,7474.24951171875,4.350100040435791,-0.7644000053405762,0.0,0.0,0.0
1329,4228018548382521728,4278.69580078125,4.583499908447266,0.4142000079154968,4907.037449825049,4.794408712598132,0.1444287914526302,5227.337808517698,4.32985200252191,0.043192483351146796,320.30035869264884,-0.4645567100762227,-0.10123630810148342
1488,578634280633468544,4496.76513671875,4.729400157928467,-0.628600001335144,4643.724046239772,5.0,-1.3197331248167,4585.203769354911,5.0,-2.2456258511470195,-58.52027688486123,0.0,-0.9258927263303196
1007,910824609132619648,6228.3779296875,4.686100006103516,-3.3945999145507812,6228.3779296875,4.686100006103516,-3.394599914550781,6239.066878761133,4.69547040033389,-3.3824163223393655,10.688949073633012,0.009370394230374224,0.012183592211415295
3584,2549233896731129088,4750.30322265625,4.681600093841553,-0.4196999967098236,5188.652341956361,5.0,-0.5179156823712959,5240.042603232213,4.4041082914273195,-1.5053882408296304,51.390261275852026,-0.5958917085726805,-0.9874725584583345
2399,2654088234703409152,5309.4814453125,4.373300075531006,-1.374400019645691,5447.297600848794,4.262477208562099,-1.4986966827744148,5373.28420633574,4.776037839536762,-2.509853298227359,-74.01339451305375,0.5135606309746636,-1.011156615452944
1731,1059455083442109824,5965.70751953125,4.431600093841553,-1.1712000370025635,5995.874274871159,4.478217226921131,-1.081385130878251,5995.2729199818305,4.473302635660724,-1.115136779268056,-0.6013548893288316,-0.004914591260406276,-0.033751648389805045
220,1400500672433361792,6727.5732421875,4.355500221252441,-0.1492999941110611,6774.520797880043,4.364848117856292,-0.2063579074833701,6772.19048065804,4.36820057347003,-0.18987252065026508,-2.330317222003032,0.0033524556137383144,0.01648538683310502
512,917236827802459008,5704.98388671875,4.39709997177124,-0.7389000058174133,5707.007871439433,4.398046889508783,-0.738062084102867,5707.43882856281,4.3979384898294045,-0.7378952724413663,0.4309571233770839,-0.00010839967937847916,0.0001668116615006765
386,5188043901969883392,3710.80810546875,4.420300006866455,-1.1243000030517578,3757.795535493274,4.827171401686755,-2.286273303437274,3890.478835888774,4.951758202975419,-2.4881273307361997,132.68330039549983,0.12458680128866373,-0.20185402729892576
2096,2437007359063720576,5554.46826171875,4.700699806213379,-3.9519999027252197,5554.46826171875,4.700699806213379,-3.95199990272522,5552.936452826937,4.726294667181855,-3.9506849718955914,-1.5318088918129433,0.025594860968475963,0.0013149308296287465
1833,808457606982171648,4313.24609375,4.577600002288818,0.2581999897956848,4094.5193634901534,5.0,-1.43272291250295,4349.653666613937,5.0,-2.1449809626139578,255.13430312378387,0.0,-0.7122580501110078
732,2678034502739553152,5149.26806640625,4.657299995422363,-2.228600025177002,5862.4368980521895,4.861066498978654,-2.8070716800440723,5569.438402616558,4.7325829102329715,-2.469446617426978,-292.9984954356314,-0.12848358874568255,0.33762506261709424
3236,4575364515095151232,7425.5556640625,4.1508002281188965,-2.0662999153137207,7425.5556640625,4.1508002281188965,-2.0662999153137207,7425.5556640625,4.1508002281188965,-2.0662999153137207,0.0,0.0,0.0
1584,3839770547253137408,6276.7001953125,4.27400016784668,-1.5032999515533447,6296.885331228037,4.309074925816884,-2.607991520606197,6285.240169878451,4.286458864226219,-1.8473671822262887,-11.645161349586488,-0.022616061590665204,0.7606243383799083
2835,1569259420781306240,5811.03369140625,4.406099796295166,-1.3580000400543213,5824.5084862622725,4.489378187676208,-1.350150869607838,5816.005604557701,4.503025144614913,-1.3583778378298093,-8.502881704571337,0.013646956938704768,-0.008226968221971331
2035,1387708954155888512,3612.927001953125,4.431399822235107,-0.9643999934196472,3753.673092955032,4.481629651302434,-1.1676324603067207,3675.758505328908,4.339630859058995,-1.2344105929331146,-77.9145876261241,-0.14199879224343892,-0.06677813262639387
1079,799627497818980864,5666.8681640625,4.533400058746338,-1.4249999523162842,5668.252060947712,4.533545059100467,-1.4250224602509185,5779.385225656166,4.528694929537487,-1.4250551633268345,111.13316470845348,-0.004850129562980143,-3.2703075915963e-05
1134,1527323184007874944,5578.42333984375,4.519199848175049,-1.9253000020980835,5578.42333984375,4.519199848175049,-1.9253000020980835,5578.42333984375,4.519199848175049,-1.9253000020980835,0.0,0.0,0.0
4009,1661467691405680640,5852.92041015625,4.370200157165527,-1.5458999872207642,5864.177524223733,4.429928803934153,-1.5348928270895916,5865.819273751641,4.435206096967864,-1.5465456752117643,1.6417495279083596,0.005277293033710606,-0.01165284812217271
3903,1668556315884740352,6027.7392578125,4.497099876403809,-1.4752999544143677,6028.240241689382,4.497712157142147,-1.4758708912691587,6036.335559248935,4.510673667174694,-1.4997159605822887,8.095317559553223,0.012961510032546641,-0.02384506931313002
2718,769948410513593984,7310.66162109375,4.396399974822998,-1.940600037574768,7310.66162109375,4.396399974822998,-1.940600037574768,7310.66162109375,4.396399974822998,-1.940600037574768,0.0,0.0,0.0
2496,1334717849520031232,6289.9736328125,4.665900230407715,-3.3998000621795654,6289.9736328125,4.665900230407715,-3.399800062179565,6289.9736328125,4.665900230407715,-3.3998000621795654,0.0,0.0,-4.440892098500626e-16
3162,2537129437644877568,4605.09912109375,4.653600215911865,-0.44179999828338623,4407.612974250332,5.0,-2.12900253791451,4171.126396166087,5.0,-2.482787424651835,-236.48657808424468,0.0,-0.353784886737325
3745,1745267622951536256,5272.8935546875,4.636600017547607,-0.6141999959945679,5313.847065477362,4.732110589166616,-0.6236887146979981,5859.4015858782,5.0,-0.9008240879646094,545.5545204008386,0.2678894108333836,-0.2771353732666113
2132,1606139686476446976,6089.734375,4.46999979019165,-1.5461000204086304,6101.048812321816,4.502452292356001,-1.5702474980076775,6089.734375,4.46999979019165,-1.5461000204086304,-11.314437321815603,-0.03245250216435025,0.024147477599047118
1399,2497183321214624768,3905.384765625,4.682499885559082,-0.06589999794960022,4163.026797076861,5.0,-1.2028010660480335,4140.946699614827,5.0,-3.1661914944598673,-22.080097462034246,0.0,-1.9633904284118338
535,175752879252515712,7422.8046875,4.364999771118164,-1.1318999528884888,7515.167087840869,4.422302350929474,-1.1666908992658531,7485.868977118486,4.411449937190241,-1.1517599101305342,-29.298110722382262,-0.010852413739232958,0.014930989135318873
839,1563780142022633856,6524.16796875,4.2144999504089355,-0.4674000144004822,6586.985363912146,4.237709483441731,-0.4625256904047417,6629.105972302348,4.267906016588775,-0.4488303721775534,42.120608390202506,0.030196533147043958,0.01369531822718828
327,1410023851879234688,6045.990234375,4.553899765014648,-1.1585999727249146,6073.823390458108,4.613699588287719,-1.1162482883117426,6075.029427995558,4.609374816240689,-1.113657302299863,1.206037537449447,-0.004324772047030301,0.0025909860118795702
367,1665180059273240192,6108.65234375,4.700399875640869,-2.0908000469207764,6116.38855117596,4.709850814769723,-2.078854226872542,6122.768243577636,4.742133774313297,-2.067973186357556,6.379692401676039,0.03228295954357385,0.010881040514985951
1222,2509958409378474240,5229.7314453125,4.644100189208984,-0.4171999990940094,5245.721468356951,4.880175403064697,-0.4605923721182466,5238.782155882988,4.747432779665907,-0.3939566465740696,-6.939312473962673,-0.13274262339878984,0.06663572554417702
1088,2545462915445504640,5269.39501953125,4.395400047302246,-1.0427000522613525,5401.48227971242,4.988885432456065,-1.4800909850016395,5352.757307563376,4.246455179182295,-1.4137492138935583,-48.724972149043424,-0.7424302532737705,0.06634177110808115
1697,2543351475162842368,4154.7421875,4.58519983291626,-0.026599999517202377,4178.315830840873,5.0,-1.4484644938539482,4361.052044531179,5.0,-2.4717144335730756,182.7362136903057,0.0,-1.0232499397191275
2996,790529103521948928,6598.86474609375,4.578999996185303,-3.2629001140594482,6606.169508288041,4.668226173095623,-3.261253764675741,6590.343418340901,4.680387173488795,-3.26718596105632,-15.826089947139735,0.012161000393172472,-0.005932196380578958
3571,868002307722371584,5127.07421875,4.656000137329102,-1.496000051498413,5331.573553043932,5.0,-3.0135079109123293,5576.262067755896,5.0,-2.2429788723723507,244.68851471196376,0.0,0.7705290385399786
3345,822712947033645696,6858.43115234375,4.222599983215332,-0.6646000146865845,6858.43115234375,4.222599983215332,-0.6646000146865845,6859.117256976657,4.223333205810415,-0.6643599481161766,0.6861046329067904,0.0007332225950831273,0.00024006657040787083
1018,1543384544927661568,6274.8330078125,4.3917999267578125,-1.5597000122070312,6373.043050897348,4.401288335322766,-1.5576064738624116,6367.99411586677,4.398971021757662,-1.5500988670856743,-5.048935030577923,-0.0023173135651042287,0.00750760677673723
2735,1291577102054904832,6390.4931640625,4.668099880218506,-3.4382998943328857,6424.961353941035,4.698717516609554,-3.444888962015708,6417.000205990169,4.711829738917829,-3.4608763451508784,-7.961147950865779,0.013112222308275356,-0.01598738313517023
2167,1506243557535334016,6091.7607421875,4.478799819946289,-1.4681999683380127,6091.7607421875,4.478799819946289,-1.4681999683380127,6091.7607421875,4.478799819946289,-1.4681999683380127,0.0,0.0,0.0
1238,2686873644219714048,5656.05224609375,4.675300121307373,-2.4535000324249268,5684.079582454847,4.989684169011918,-3.585887115933624,5656.70223661827,4.688480962094238,-2.4632013102161188,-27.37734583657675,-0.30120320691767954,1.1226858057175053
3211,826955580152533120,4759.6220703125,4.531000137329102,0.26019999384880066,5013.997589452593,4.516318054940941,0.2334975660452834,5213.530888527077,4.847021581532433,0.04892256030389091,199.5332990744837,0.33070352659149194,-0.1845750057413925
957,2534547303306386176,5663.4873046875,4.530900001525879,-0.9532999992370605,5680.9863542160565,4.555040612194786,-0.935735282261774,5669.760591731603,4.538798965056603,-0.9548756807617,-11.225762484453298,-0.01624164713818299,-0.019140398499925992
2339,1489995588878476800,6176.20751953125,4.6981000900268555,-4.029200077056885,6176.20751953125,4.698100090026856,-4.029200077056885,6186.2865965167575,4.779135955816608,-2.6949682932265535,10.079076985507527,0.08103586578975186,1.3342317838303313
2029,797378339408195072,6055.67333984375,4.681099891662598,-1.8912999629974365,6069.408238066552,4.740908735162733,-1.882702190867916,6067.518117060303,4.743492203514261,-1.8822012822210201,-1.890121006249501,0.0025834683515286727,0.0005009086468958923
1104,1557827764027399424,6870.10205078125,4.387199878692627,-3.9753000736236572,6870.10205078125,4.387199878692627,-3.975300073623657,6870.10205078125,4.387199878692627,-3.9753000736236572,0.0,0.0,-4.440892098500626e-16
3986,3244333877817385088,5648.34130859375,4.671800136566162,-2.476099967956543,5650.615304581581,4.687149719166383,-2.436597591777182,5661.047925431293,4.679305265046721,-2.43173511563481,10.432620849712293,-0.00784445411966228,0.0048624761423718965
88,2500520201565550848,4145.05322265625,4.516300201416016,0.18199999630451202,3856.2324484228498,5.0,-1.4969442100589925,4470.713027745562,5.0,-1.8020341426961914,614.480579322712,0.0,-0.30508993263719897
2788,1609389666753435008,7040.81396484375,4.587100028991699,-2.1412999629974365,7040.81396484375,4.587100028991699,-2.1412999629974365,7041.609445150023,4.587817719092253,-2.159175964946183,0.7954803062730207,0.0007176901005534475,-0.01787600194874628
3934,2542213618068092544,4245.7578125,4.637499809265137,0.05660000070929527,3877.267301665704,5.0,-2.2635201867238157,4214.02230828103,5.0,-3.2299025748298384,336.7550066153258,0.0,-0.9663823881060227
289,1511796258758083968,4344.65869140625,4.677999973297119,0.0038999998942017555,4113.385317414463,5.0,-1.7017756317044723,4117.745783069369,5.0,-2.6826347982592527,4.3604656549059655,0.0,-0.9808591665547803
2493,1332307655608635904,7396.125,4.196000099182129,-3.724600076675415,7401.874806256628,4.199947428247476,-3.720566405823211,7396.125,4.196000099182129,-3.724600076675415,-5.74980625662829,-0.003947329065346672,-0.004033670852204185
3406,3091932598315612160,5988.68017578125,4.393599987030029,-0.4212999939918518,6018.460795719242,4.55396804320673,-0.4152604525791302,5985.552588420011,4.4988741377841865,-0.4227746215385522,-32.908207299231435,-0.05509390542254344,-0.0075141689594220296
3085,2677977877890715904,5211.8271484375,4.587100028991699,-0.38769999146461487,5232.046293572503,4.623204003139365,-0.3782080788068642,5225.890032236118,4.596366776402124,-0.3887629420419525,-6.156261336384887,-0.026837226737240982,-0.010554863235088308
1320,1502520061407639040,4275.3076171875,4.48390007019043,-0.21050000190734863,4321.229648998728,5.0,-1.5244582426428608,4383.004315277696,5.0,-2.7577932024896623,61.77466627896774,0.0,-1.2333349598468015
1480,2535275901558674176,5857.14404296875,4.614099979400635,-4.078000068664551,5857.951703127814,4.614537898127599,-4.017386993085164,5877.8975839837785,4.675594017791582,-3.241932050815821,19.945880855964788,0.0610561196639825,0.7754549422693424
406,914409055694627840,4639.044921875,4.641900062561035,0.49470001459121704,4763.708189758729,4.654861080139731,0.4661770611441843,4803.4089160391395,4.623950540506907,0.47960996069600764,39.70072628041089,-0.030910539632824197,0.013432899551823363
4014,175864896295316864,6300.10302734375,4.277900218963623,-0.32339999079704285,6318.649021256705,4.296420721780269,-0.3150278259172171,6314.112148104112,4.290137631021849,-0.3180526390816254,-4.536873152593216,-0.006283090758420151,-0.00302481316440828
1364,828409997813638144,6035.68994140625,4.439899921417236,-0.9143000245094299,6066.458530077216,4.484912566820407,-0.8915385486285069,6050.831495599778,4.4687908137586705,-0.8986462741265756,-15.627034477438428,-0.016121753061736577,-0.007107725498068707
3099,1322488570096183040,7376.53173828125,4.024499893188477,-0.8756999969482422,7458.592646403802,4.173680893818188,-1.9307621913843824,7444.253062967932,4.111458166959131,-2.0637765684938962,-14.339583435869827,-0.06222272685905761,-0.1330143771095138
2597,2538083268277555712,3758.017578125,4.38700008392334,-0.4000000059604645,3998.494021132402,5.0,-1.8184682631362603,4066.7615332621326,5.0,-3.5970890464731675,68.26751212973068,0.0,-1.7786207833369072
620,4228295938845677184,5531.7822265625,4.589200019836426,-0.7174999713897705,5548.280335621549,4.581522836790314,-0.736014860608741,5859.985243001689,4.279912155926057,-0.9624645398899615,311.70490738013996,-0.3016106808642567,-0.2264496792812205
2525,2536828759870037504,4498.654296875,4.665999889373779,0.4964999854564667,4830.61880025336,4.572900436787378,0.0714682484480011,5056.751366340501,4.483282088427726,0.3043136085546527,226.13256608714073,-0.08961834835965199,0.23284536010665163
3603,4227010609752205184,4338.3759765625,4.172500133514404,-0.0007999999797903001,4166.201894509589,5.0,-1.688448129103312,4454.8045352055515,5.0,-2.6399863777833494,288.6026406959627,0.0,-0.9515382486800374
312,2542923112305273472,5652.6064453125,4.428899765014648,-0.2061000019311905,5675.548214553669,4.454939258776767,-0.1954384286853952,5688.003427353341,4.4412877960604344,-0.20139610150381154,12.455212799672154,-0.013651462716332219,-0.005957672818416332
1682,2642582227770777344,3727.468505859375,4.59119987487793,-0.398499995470047,3792.93955940369,4.661337724817188,-1.1884320584644654,4243.406438505612,4.5894902082251665,-2.2725406206291936,450.4668791019217,-0.0718475165920216,-1.0841085621647282
1082,2536336517962843904,3697.391357421875,4.694300174713135,0.13249999284744263,3861.2644331458023,4.678848563686163,-1.098177075257554,4205.210944837799,5.0,-1.923554961693383,343.9465116919964,0.321151436313837,-0.825377886435829
2184,906493259169219456,5229.70556640625,4.777400016784668,-1.8008999824523926,3518.403256511996,2.0143538034411583,-4.007525600718743,3500.0,1.3540567332422482,-3.7040927746152885,-18.403256511996005,-0.6602970701989102,0.3034328261034549
2618,809256196021369728,5994.1171875,4.564000129699707,-1.5154999494552612,6050.073224267206,4.537635500211701,-1.479903233927716,6274.965939181263,4.29785405213966,-1.4719802661262016,224.89271491405725,-0.2397814480720415,0.007922967801514469
2433,2546965329366147200,4868.814453125,4.6855998039245605,-0.5011000037193298,5064.618604222758,4.880614023030453,-0.6936713819564735,5496.948002628498,4.691690471314256,-0.5682352163674699,432.32939840574,-0.18892355171619624,0.1254361655890036
2935,97998269560192,5117.2998046875,4.672500133514404,-0.6331999897956848,5568.080650464715,4.80789067270798,-0.7909996856920872,5594.65069125665,4.855163338793425,-0.8095021310273052,26.570040791934844,0.047272666085445,-0.018502445335217943
989,2542989220441276672,5639.98486328125,4.205100059509277,-0.9937000274658203,5647.818707355053,4.226806028446953,-0.956952589335939,5659.3045611700345,4.205857408306359,-0.9817425134440663,11.485853814981056,-0.020948620140593732,-0.024789924108127304
3509,4575442442981454720,4162.9296875,4.689199924468994,-0.00839999970048666,4112.937407326983,5.0,-1.5739510914689576,4091.918098767867,5.0,-2.4504851473990112,-21.01930855911587,0.0,-0.8765340559300536
243,1305291929063627520,5552.85546875,4.501399993896484,-1.0205999612808228,5699.135056898277,4.521368461309958,-0.9831389647513344,5625.631961760606,4.700997276810353,-0.9808950388820254,-73.50309513767115,0.17962881550039533,0.0022439258693089936
1505,913955300989753088,5582.18505859375,4.649499893188477,-0.8841999769210815,5607.819181004234,4.672770214511854,-0.8753898806700757,5596.084307332125,4.66481706741795,-0.8798662398609629,-11.734873672109643,-0.007953147093904711,-0.00447635919088718
1921,3123587572441997568,5213.75,4.78879976272583,-2.7718000411987305,4486.83163695336,5.0,-3.6780276115991697,4246.6829740225485,5.0,-3.686030857323736,-240.14866293081195,0.0,-0.008003245724566455
2268,1378266039058893824,5673.70068359375,4.61299991607666,-0.9248999953269958,5673.70068359375,4.61299991607666,-0.9248999953269958,5673.70068359375,4.61299991607666,-0.9248999953269958,0.0,0.0,0.0
2365,1601046782976137984,6467.9931640625,4.258600234985352,-2.1405999660491943,6472.601515110759,4.265171077437487,-2.317836693473485,6478.7143957666,4.269816086980039,-2.4860033223895233,6.112880655841764,0.004645009542551648,-0.16816662891603817
2600,2542530071258577408,5303.38134765625,4.422999858856201,-0.5315999984741211,5441.269924048329,4.424228541069109,-0.5314384368326197,5466.54851962802,4.41192308456481,-0.5538930790682457,25.278595579690773,-0.012305456504298817,-0.022454642235625988
1372,2542248866863068416,4346.83203125,4.619200229644775,-0.24549999833106995,4475.093633065364,5.0,-1.4801517038091765,4044.2849639828814,5.0,-3.276513921575267,-430.80866908248254,0.0,-1.7963622177660907
2853,2533748645547879040,5453.56494140625,4.615900039672852,-0.6287999749183655,5459.982417182269,4.616774500108106,-0.6345479597580435,5461.583106203027,4.616073905631666,-0.631333253462086,1.6006890207572724,-0.0007005944764406635,0.003214706295957437
3067,3655095646538561280,7173.6953125,4.388700008392334,-2.8570001125335693,7188.690700164953,4.399169252710344,-2.920919410360845,7246.426356227946,4.422177901928205,-3.515274709150098,57.73565606299235,0.02300864921786072,-0.5943552987892531
3798,2678628720054957056,4368.568359375,4.742700099945068,-0.6078000068664551,4558.700473710282,5.0,-1.617385007257418,4141.867382888312,5.0,-3.2228658062773823,-416.83309082196956,0.0,-1.6054807990199642
1767,4227188490118175104,5547.7822265625,4.581200122833252,-1.811900019645691,5550.764081444246,4.983781908207132,-2.35820887589631,5549.5013780837235,4.663866804294056,-2.010943419473153,-1.2627033605222096,-0.3199151039130763,0.3472654564231572
2675,916127244475853312,5640.74658203125,4.6691999435424805,-2.015199899673462,5640.74658203125,4.6691999435424805,-2.015199899673462,5640.74658203125,4.6691999435424805,-2.015199899673462,0.0,0.0,0.0
1080,2645403505888257152,3612.43115234375,4.424799919128418,-0.9672999978065491,3619.163614695172,4.508991135890338,-0.9921361204241784,3655.0069434654033,4.326698670120993,-1.1355849545944554,35.84332877023144,-0.1822924657693452,-0.14344883417027698
1753,3659610344361781120,5728.49365234375,4.7129998207092285,-1.2364000082015991,5775.858834145203,4.7588755818837525,-1.2296755095978509,5804.028141019817,4.803688136563729,-1.2234714629234684,28.16930687461354,0.04481255467997691,0.006204046674382457
614,6898177141956127488,5980.72900390625,4.7195000648498535,-3.9883999824523926,6094.879092863592,4.850038744969985,-2.58069674181777,5997.974836728519,4.778251034513801,-1.5252072809181692,-96.9042561350725,-0.07178771045618415,1.0554894608996008
1506,914350919016976768,5605.2900390625,4.514400005340576,-1.2177000045776367,5616.877836739545,4.520474118030305,-1.2122121765586904,5636.626430642057,4.607287779618799,-1.1794750699468377,19.748593902511857,0.08681366158849446,0.032737106611852695
2950,2549078315835891200,4704.86669921875,4.298500061035156,-1.2110999822616577,4090.3373428591535,5.0,-3.519493173712057,3980.7013834703057,4.2335754922786535,-4.038678113130493,-109.63595938884782,-0.7664245077213465,-0.5191849394184365
3007,861410151398364160,6116.162109375,4.704699993133545,-4.066500186920166,6116.162109375,4.704699993133545,-4.066500186920166,6116.162109375,4.704699993133545,-4.066500186920166,0.0,0.0,0.0
826,1277754729065683840,5308.5400390625,4.736499786376953,-1.402999997138977,5507.01561098884,5.0,-1.4016158498432076,5749.4234794959175,4.98152566245323,-1.458758366173649,242.40786850707718,-0.018474337546770414,-0.05714251633044132
2860,2534269818354939648,5341.50341796875,4.630000114440918,-0.6948999762535095,5465.8156502709535,4.630731507319527,-0.6956862015844941,5511.499792966201,4.6280102280406625,-0.7003922086021455,45.68414269524783,-0.0027212792788642304,-0.004706007017651337
1159,3703415918404556416,6943.84375,4.391900062561035,-3.5866000652313232,6957.404349391551,4.404432537668948,-3.5629228628875373,6952.61832255347,4.399730813191816,-3.312850655071741,-4.786026838080943,-0.004701724477132352,0.2500722078157964
847,1575472383031862272,7502.013671875,4.431399822235107,-0.758899986743927,7559.528599751609,4.453821289358645,-0.7565190779778601,7558.906637405579,4.4543009644658405,-0.7557060400535636,-0.6219623460301591,0.0004796751071953764,0.0008130379242965446
1908,1011155010807412480,4525.271484375,4.397299766540527,-0.7572000026702881,3876.234373854884,5.0,-3.0659588920764342,4276.136514162524,5.0,-2.7448433419257903,399.9021403076399,0.0,0.32111555015064397
1892,2544018569484609280,6141.8212890625,4.447700023651123,-1.4428000450134277,6162.519809092329,4.454797986813969,-1.440612582293885,6161.881037689013,4.454510673355299,-1.4408761718543253,-0.6387714033153316,-0.0002873134586707238,-0.0002635895604403693
154,2702205513529683584,4787.0556640625,4.509799957275391,0.2442999929189682,5077.517354612645,4.679047842326168,0.2274367073314674,5251.105627537721,4.589555072802619,0.22569651168213242,173.58827292507613,-0.08949276952354879,-0.0017401956493349746
2657,6911127808384572544,5764.42529296875,3.7890000343322754,-0.5756999850273132,5767.558026348414,3.790202458457307,-0.576858151245434,5768.968510928932,3.789949226020589,-0.5778356514948259,1.410484580517732,-0.00025323243671815376,-0.000977500249391805
1959,1552415349320543232,5933.95556640625,4.579599857330322,-2.5208001136779785,5937.618873450652,4.583208902668685,-2.54480317435862,6011.009741374879,4.745687807803463,-2.994341892650117,73.39086792422677,0.1624789051347788,-0.44953871829149694
3081,2544085360519114112,4364.96044921875,4.485499858856201,-0.22419999539852142,3935.397322542315,5.0,-3.131471126403591,5346.151080408733,4.952359051855524,-0.3253833938268708,1410.7537578664178,-0.04764094814447617,2.8060877325767204
1058,2501904044323877376,3971.555419921875,4.640500068664551,-0.5712000131607056,4001.766046237673,5.0,-1.8868917448373064,4206.441949676093,5.0,-2.81142958743792,204.67590343841994,0.0,-0.9245378426006137
227,3702402825814333056,6336.7216796875,4.357900142669678,-1.3140000104904175,6338.927050485228,4.359930665159236,-1.3155366631660057,6336.7216796875,4.357900142669678,-1.3140000104904175,-2.205370797728392,-0.002030522489558706,0.0015366526755882237
1423,1320105756600587520,7365.8203125,4.216300010681152,-1.9351999759674072,7444.756607496511,4.285861849506652,-1.9069874226222003,7380.71913071749,4.230361996054411,-1.9260851990467531,-64.03747677902084,-0.05549985345224151,-0.019097776424552793
2121,677146919006044416,6769.1103515625,4.4145002365112305,-0.384799987077713,6803.40852283485,4.448223143945658,-0.3706462147182027,6803.412439972415,4.443818754783143,-0.3667792433487542,0.0039171375647129025,-0.0044043891625147324,0.0038669713694484686
720,1404703589989962240,5909.3916015625,4.634300231933594,-0.7760000228881836,5909.3916015625,4.634300231933594,-0.7760000228881836,5909.3916015625,4.634300231933594,-0.7760000228881836,0.0,0.0,0.0
2945,166182287664616704,6858.12646484375,4.348400115966797,-0.5400000214576721,6858.12646484375,4.348400115966797,-0.5400000214576721,6858.12646484375,4.348400115966797,-0.5400000214576721,0.0,0.0,0.0
1112,1540288522043449216,3626.05517578125,4.639500141143799,-0.19840000569820404,4098.70768898469,5.0,-1.8472991032190464,4066.1192673173678,5.0,-3.7518154176494187,-32.588421667322564,0.0,-1.9045163144303723
2319,1600324232038066560,5654.2451171875,4.555600166320801,-1.0450999736785889,5649.2574365629525,4.563817754885116,-0.9989055308534616,5658.695019259707,4.5543852598707275,-1.0016632916059027,9.437582696754362,-0.00943249501438892,-0.002757760752441163
184,577395547641495552,5973.5595703125,4.6691999435424805,-2.5685999393463135,5999.632670098792,4.704368665490359,-2.550792028494387,5999.635206183092,4.706102977951522,-2.53552272181191,0.002536084300118091,0.0017343124611626237,0.015269306682476724
610,704412333473895936,5213.70703125,4.700900077819824,-1.1161999702453613,5314.581194706784,4.6960987563484204,-1.1179506427153558,5373.074188694617,4.6977096825801645,-1.1463948531627979,58.49299398783296,0.001610926231744081,-0.028444210447442053
1985,1009643770730345600,6059.97998046875,4.4096999168396,-0.7982000112533569,6101.750669419957,4.43679866679751,-0.7905307534253916,6167.719761998527,4.517890239808489,-0.7445739009175851,65.96909257856987,0.08109157301097891,0.045956852507806456
469,5188068125585404416,4890.4404296875,4.47629976272583,-0.3580000102519989,5024.738279225057,4.725914603275602,-0.4171100794022752,5462.158162794085,4.640093786285895,-0.3871142619181886,437.41988356902766,-0.085820816989707,0.029995817484086584
2470,2544169954195256192,5177.98388671875,4.644800186157227,-0.616599977016449,5254.774442798782,4.70081769418247,-0.5780810002238724,5289.723123122506,4.606324001293419,-0.6977183316041403,34.94868032372415,-0.09449369288905185,-0.11963733138026789
3036,815553133472718848,5990.65625,4.010200023651123,-0.791100025177002,5998.516790189374,4.02010818272822,-0.7988865237548656,5990.65625,4.010200023651123,-0.791100025177002,-7.860540189373751,-0.009908159077096634,0.007786498577863621
1005,818285037614096256,6461.25048828125,4.629799842834473,-3.513000011444092,6472.255503943416,4.637599379724412,-3.1381446725087314,6471.155007375299,4.642515612422866,-3.715991841008867,-1.1004965681177055,0.004916232698453982,-0.5778471685001354
1910,6908128718620260992,6140.74267578125,4.519499778747559,-4.133600234985352,6140.74267578125,4.519499778747559,-4.133600234985352,6140.74267578125,4.519499778747559,-4.133600234985352,0.0,0.0,0.0
200,2536753718201392128,5777.44287109375,4.674300193786621,-0.8148000240325928,5849.736697168131,4.698390969465187,-0.8000159543741409,5862.39239415187,4.685801657149933,-0.8127347736636523,12.65569698373838,-0.012589312315253842,-0.012718819289511463
181,778918844847772928,5730.67041015625,4.583799839019775,-0.32580000162124634,5743.243386170893,4.597221420860822,-0.3190815525606559,5784.4596517926075,4.667825422805982,-0.30288392952190585,41.21626562171423,0.07060400194515992,0.016197623038750053
2371,826819549948605056,6326.4814453125,4.428500175476074,-1.6067999601364136,6328.720689066287,4.4470893613150055,-1.553646231333566,6329.2682698012595,4.436734965931319,-1.539699404800658,0.5475807349721435,-0.01035439538368621,0.013946826532907908
3129,162706761471357824,6368.3837890625,4.491499900817871,-1.0296000242233276,6409.366116315932,4.5232273621204,-0.9966347556967832,6370.733368582316,4.4934346544488095,-1.0265233462808623,-38.63274773361627,-0.029792707671590257,-0.02988859058407911
3859,3847540280530643456,7126.12255859375,4.3028998374938965,-1.8805999755859375,7127.937826198588,4.306994752160625,-1.879426839699183,7127.807485849014,4.3067418295959685,-1.8816983096595365,-0.13034034957399854,-0.000252922564656366,-0.002271469960353656
1774,2543674250546092416,4818.8623046875,4.6442999839782715,-0.43130001425743103,4687.741268076398,5.0,-1.6214955806610358,5160.3982634169,4.465609138349293,-0.41289752714167555,472.65699534050145,-0.5343908616507074,1.2085980535193603
4037,3267559549125125760,5064.8515625,4.47629976272583,-0.7077999711036682,5398.651186420476,4.992485650042097,-1.0309459327786306,5650.10936014362,4.96427384839203,-1.2957402367201114,251.45817372314377,-0.02821180165006698,-0.26479430394148085
3976,670406912728009216,5922.83154296875,4.5671000480651855,-0.9520999789237976,5922.83154296875,4.5671000480651855,-0.9520999789237976,5922.83154296875,4.5671000480651855,-0.9520999789237976,0.0,0.0,0.0
3362,683680315881781376,5773.51806640625,4.576000213623047,-1.190999984741211,5773.51806640625,4.576000213623047,-1.190999984741211,5773.51806640625,4.576000213623047,-1.190999984741211,0.0,0.0,0.0
2910,1575811685448562048,5822.39208984375,4.64900016784668,-0.8704000115394592,5831.989524550362,4.6582888279591605,-0.8642099170875076,5870.758748007627,4.6800304281250975,-0.8453139682377512,38.76922345726507,0.02174160016593696,0.018895948849756428
1398,1562597273669631232,4373.9267578125,4.544400215148926,-0.0032999999821186066,4535.860083855269,5.0,-0.9803720104441718,4120.075479830898,5.0,-3.1919769870943027,-415.7846040243712,0.0,-2.211604976650131
1473,3637270570188387712,6865.7431640625,4.3871002197265625,-3.978300094604492,6906.078696287811,4.41163293662625,-2.6008287369123737,6865.7431640625,4.3871002197265625,-3.978300094604492,-40.335532225311,-0.024532716899687834,-1.3774713576921185
2492,1386313708260213504,4859.76708984375,4.521399974822998,-0.1988999992609024,4740.660020505237,4.987816709880509,-1.2627535308654714,4535.3028569175585,4.442354069840552,-3.0889713319924925,-205.35716358767877,-0.5454626400399567,-1.8262178011270211
1612,1767906842245237376,4618.373046875,4.635200023651123,-0.2257000058889389,4792.523999424966,5.0,-1.3924632025806492,5252.754895361717,5.0,-2.0403740794813645,460.23089593675104,0.0,-0.6479108769007154
949,1291094592545363456,5384.08642578125,4.702899932861328,-0.9961000084877014,5418.338660615598,4.719311815922543,-0.988971919148688,5559.810577897105,4.686699740684877,-1.0178375465774896,141.47191728150665,-0.03261207523766618,-0.02886562742880161
1845,1385035148035879808,5772.18359375,4.534599781036377,-0.9531000256538391,5795.581586892354,4.647755438620854,-0.9711899635012706,5831.898300911014,4.616935084244511,-0.9387283766657828,36.316714018660605,-0.030820354376343673,0.03246158683548783
1982,795956503372372096,5929.19140625,4.628300189971924,-1.0622999668121338,5944.384637350693,4.706391702882085,-1.937939608335293,5929.19140625,4.628300189971924,-1.0622999668121338,-15.193231100693083,-0.07809151291016114,0.8756396415231593
199,2541859266085691136,4306.52197265625,4.582900047302246,0.35440000891685486,4615.926389532778,4.946688191138383,-0.7521701966145962,4729.109228230967,4.693831370890526,-1.6125082679601475,113.1828386981897,-0.2528568202478576,-0.8603380713455513
