,source_id,ra,dec,phot_bp_mean_mag,phot_rp_mean_mag,phot_bp_mean_flux_over_error,phot_rp_mean_flux_over_error,astrometric_excess_noise,bp_rp,teff_gspphot,logg_gspphot,mh_gspphot,vbroad,parallax,phot_g_mean_mag,alphafe_gspspec,original_ext_source_id,angular_distance,plate,mjd,fiberID,redshift,abs_g_mag,x_test_index,X_test_index
20954,711054345778130048,129.85419809896757,33.46380191240495,19.657768,16.088873,32.486435,443.44583,0.6788067,3.5688953,,,,,9.567945661179643,17.463589,,1237658203955724574,0.027303427,933,52642,17,-3.366255e-05,12.367682215506882,3949,3949
26824,782388319429590272,166.9600169709309,45.51685203482673,19.879473,15.926716,24.941906,326.86893,0.8361858,3.952757,,,,,13.758592071560683,17.367134,,1237660634924908785,0.024396375,1436,53054,27,-9.261176e-05,13.060004066484137,578,578
27881,799766895277573504,144.99889911355677,37.29043571007756,19.761604,16.261793,21.849386,346.697,0.07570996,3.4998112,,,,,10.60297250963051,17.613628,,1237661850919108779,0.047267344,1276,53035,293,-2.357771e-05,12.740766564509421,3765,3765
28171,803375320643630208,152.3979565522935,39.389326991557,19.329405,16.344236,28.529358,251.67633,0.0,2.9851685,3256.1033,5.1104,-0.6024,,9.48995270175811,17.596518,,1237660772346298525,0.05409723,1357,53034,290,-0.0001109404,12.482837802338477,1636,1636
31208,845877939044020096,173.52585188454103,57.31672366425501,19.583622,16.142742,37.577675,287.9532,1.3368661,3.4408798,,,,,7.966181301089504,17.55975,,1237657612338397358,0.09825772,1311,52765,392,4.967557e-05,12.0660005344055,3834,3834
31223,846079871226294400,174.86375022088143,58.24852453813535,19.35921,15.77179,30.56154,290.02435,0.98008084,3.5874195,,,,,11.87987088025181,17.143307,,1237657613412532477,0.05460168,1311,52765,363,-9.472237e-05,12.517365334267716,933,933
37708,1019921318232133120,141.23093094386195,53.361145171605436,18.569216,15.602437,58.616734,287.13593,0.0,2.9667788,,,,,11.76088425886657,16.841944,,1237654381442040038,0.09215433,554,52000,89,-2.388324e-05,12.194143620935243,994,994
39391,1038857348003755136,142.29672015683778,60.22217422850862,19.169464,15.617719,28.090986,428.96945,0.0,3.5517454,,,,,12.293570056115897,16.979849,,1237651272428814425,0.06530543,485,51909,553,-0.0001691757,12.428238963890255,2906,2906
40023,1051037840895867648,148.82264015687727,60.73320256417594,20.117111,16.028475,25.228733,369.56876,1.7773479,4.0886364,,,,,13.94932183261132,17.540289,,1237651252028506298,0.05193071,770,52282,465,-7.750963e-05,13.263054396368098,59,59
46328,1278440794258261504,229.365401202935,33.950145058922494,18.730288,14.985102,61.0636,590.5219,0.30751768,3.7451859,,,,,24.18974528787405,16.382746,,1237662341618401394,0.018096054,1386,53116,561,-0.0003572771,13.300902219652066,1912,1912
47269,1295772980161426048,226.58107604785747,38.873019779894776,19.454374,15.823992,31.538612,324.2439,0.20794463,3.6303825,,,,,10.859823892261215,17.194725,,1237661361306403054,0.020644685,1398,53146,19,-0.0001065206,12.373838949607467,3565,3565
48756,1314306279440328448,250.80292936170645,32.963130026639064,19.846342,16.113747,21.467127,300.99353,0.61248606,3.7325954,,,,,10.468147178397222,17.494425,,1237659162816479994,0.026694225,1341,52786,517,-5.185781e-05,12.593773920123887,2962,2962
48795,1314845963554562048,251.92482659145736,34.07362710422642,19.683878,16.185509,23.90967,265.5875,0.60494035,3.4983692,3131.8398,4.9757,0.0187,,9.229311786309504,17.536089,,1237659325495378453,0.061671395,1175,52791,459,-0.0001216195,12.3619355317358,1687,1687
49836,1326190660106646272,247.3666721434872,34.59262122783305,19.859446,16.194479,23.190954,283.07697,0.0,3.6649666,,,,,12.051151237346224,17.551508,,1237661386007642450,0.020063112,1058,52520,523,-1.810309e-05,12.95665063340632,3126,3126
50970,1331813528211012352,248.92719201660987,39.07084622050355,19.695038,16.191387,22.245068,229.26398,0.4195096,3.5036507,,,,,11.555401020327494,17.539543,,1237655472358162731,0.067219235,1173,52790,602,-0.0001700825,12.85346826133495,2500,2500
51146,1333563847643825792,258.2456209473354,31.908161885264352,18.797607,15.737612,34.560497,382.19934,0.18932526,3.0599957,,,,,12.22591772487541,17.01525,,1237655129845596564,0.054848157,976,52413,104,8.463303e-05,12.451656596569642,75,75
53154,1374253611891872896,234.23125639020674,34.92733800875691,19.43669,15.721985,31.7872,422.31345,0.57607734,3.7147045,,,,,15.657383503824343,17.105644,,1237661463838392645,0.041981757,1401,53144,43,-0.0002350333,13.079240171519274,1791,1791
53866,1385618507673412736,245.39486797793248,44.99445263965794,19.52338,15.963574,20.262186,356.58865,0.8409423,3.5598059,3094.1914,4.9414,0.1858,,9.657826673834627,17.359854,,1237655474502959279,0.07376481,814,52443,39,-8.472705e-05,12.284250779403617,2422,2422
54703,1399860271333694976,238.3582464311972,48.14933588266336,19.703491,15.86335,22.309246,346.19748,5.4017725,3.8401413,,,,,11.33042644094282,17.614344,,1237655347818135848,0.13868035,812,52352,218,-0.0001300647,12.885574921306475,1751,1751
59220,1487199019709432320,220.63174575986466,39.20388427960491,18.417973,15.197739,85.51751,478.16888,0.06565175,3.220234,,,,,13.931135622473164,16.503399,,1237661872952180876,0.045572583,1350,52786,471,-7.891478e-05,12.223331496217387,3680,3680
60046,1500411713501781376,207.6399870642112,41.2772101551527,19.72556,15.970232,29.679207,256.37955,0.7412999,3.7553272,,,,,10.82270318908504,17.364965,,1237662307797369002,0.047935132,1377,53050,613,-0.0001077634,12.536644179607876,1771,1771
60277,1505419061253207296,211.3431332487408,44.19985880286922,18.68089,15.179751,71.14698,688.4015,0.47344327,3.5011377,,,,,14.118347766621763,16.532162,,1237661434316456219,0.030199073,1467,53115,157,-7.795289e-05,12.281081089347154,3855,3855
60318,1506103885198917888,213.04721148440868,46.280542118715836,20.225307,16.069246,15.183405,350.42664,0.7060295,4.156061,,,,,19.629117143132163,17.527697,,1237658204519792806,0.065359645,1286,52725,112,-0.0001269741,13.992200443592772,1790,1790
66456,1593484616879083008,222.58618159711202,51.20647812281747,19.518604,15.385296,25.027948,471.36615,0.40815932,4.1333084,,,,,26.712581905766882,16.829048,,1237661417678504195,0.051778592,1328,52786,491,-0.0002395854,13.962627490749227,506,506
69812,1671373711352100608,208.79215339053215,66.00548567303525,20.144762,15.953608,12.977725,270.36734,0.34030786,4.1911545,,,,,16.18113119634789,17.396854,,1237651539253264514,0.06740958,497,51989,61,-6.253861e-05,13.441898796397808,2986,2986
78906,2486136081213342976,34.45780929838117,-8.736428696666545,19.61668,16.242489,16.876873,165.75331,0.16890854,3.3741913,,,,,10.463466381478085,17.57929,,1237670956255740040,0.07130052,668,52162,173,-0.0002395114,12.677668306436647,2572,2572
78925,2486441642366640256,33.6636106315398,-7.926492013811822,19.635439,16.2174,16.49395,157.88228,0.44114858,3.4180393,3093.6377,4.9551,0.132,,8.44828171009753,17.562689,,1237652901836423415,0.058877096,668,52162,326,3.242596e-05,12.196530762969143,2777,2777
82494,2533655775470582272,18.76347426676111,-1.0791843697539933,18.813156,15.291079,50.137917,398.4265,0.39461452,3.5220776,,,,,18.644105620012994,16.649284,,1237663782595002498,0.06174438,1499,53001,60,9.128953e-06,13.001992135656238,3009,3009
87877,2544161089382753280,9.545485446501095,1.1798201227925902,19.382282,16.358488,35.424923,200.03706,0.0,3.0237942,3233.2908,5.0412,-0.339,,7.7171257338701,17.626472,,1237657192520024150,0.06789354,1123,52882,565,-9.756084e-05,12.06375035412809,659,659
93557,2679055605444485248,333.5940403205008,0.9000491188298697,19.042118,15.846289,43.111988,181.83623,0.0,3.1958294,,,,,10.769444324907607,17.145151,,1237678617406275975,0.047428403,1476,52964,460,-0.0001488258,12.30611761540274,3762,3762
94713,2687876501902509824,320.9195202091887,-0.20142736310705445,19.664434,16.172606,19.464039,245.67805,0.47955832,3.491829,,,,,12.492034349024795,17.520136,,1237663543141990970,0.034378845,1522,52932,150,-5.479856e-05,13.003301728157318,3773,3773
95162,2689432727468294272,319.7583785857912,-0.07653575261165158,19.04572,15.831735,35.20321,313.97177,0.059635762,3.2139845,,,,,11.467953418719247,17.121675,,1237663543141532110,0.023585366,1522,52932,273,-0.0002967615,12.419105092494974,654,654
112939,3916716780441890944,176.48188150116152,12.407850001029837,18.891264,15.796938,30.484163,265.04477,0.0,3.094326,,,,,11.333118273457105,17.092314,,1237661812808089732,0.046795968,1609,53142,319,-7.424838e-05,12.364060872120234,1651,1651
124724,6340341468087928320,223.20165152616156,-2.063678906879101,18.863798,15.426092,43.29597,260.69086,0.24726339,3.437706,,,,,12.730423724460628,16.785225,,1237655498672963888,0.16704436,921,52380,238,-0.0001879577,12.30943921016884,3781,3781
