source_id,orig_index,row_in_batch,batch_id,teff,logg,mh,alpha
767218804177963904,0,0,0,5244.365234375,3.531599998474121,0.013799999840557575,-0.10000000149011612
2209256105335970432,1,1,0,5805.83251953125,3.8468000888824463,-0.3474000096321106,0.5600000023841858
1025634037052292992,2,2,0,5824.08642578125,4.276700019836426,-0.7754999995231628,0.28999999165534973
4487506659791966208,3,3,0,5416.62353515625,4.271699905395508,-0.193900004029274,-0.09000000357627869
2824594351841689472,4,4,0,4498.64697265625,1.813599944114685,-0.3700000047683716,0.28999999165534973
2537260489983199360,5,5,0,5613.07763671875,4.06850004196167,-0.48260000348091125,0.25
374245480030993664,6,6,0,6781.58203125,4.178899765014648,-0.4058000147342682,0.14000000059604645
1772276782490444032,7,7,0,5005.1171875,2.965399980545044,-0.13750000298023224,-0.05999999865889549
3213773982916168832,8,8,0,5165.71533203125,4.4421000480651855,-0.10109999775886536,-0.07999999821186066
